,action,start,end,duration
0,combine_df_joint,1675908910.7691321,1675908925.1916778,14.422545671463013
0,set_activity_lifecycle_property,1675908925.1916778,1675908932.074393,6.882715225219727
0,create_ti_nodes,1675908932.074393,1675908952.8332253,20.758832216262817
0,correlate_ti_to_entity_(resource),1675908952.8332253,1675908954.750917,1.917691707611084
0,create_df_ti_(resource),1675908954.750917,1675908958.2875657,3.536648750305176
0,correlate_ti_to_entity_(case),1675908958.2875657,1675908960.3925514,2.1049857139587402
0,create_df_ti_(case),1675908960.3925514,1675908963.1830451,2.7904937267303467
0,total,1675908963.1830451,1675908963.1840498,52.41491770744324
