,action,start,end,duration
0,total,1675908990.5021088,1675908997.1937425,6.691633701324463
