,action,start,end,duration
0,import_event_nodes,1675908814.7283657,1675908851.7606575,37.032291889190674
0,filter_events_SUSPEND_RESUME,1675908851.7606575,1675908860.3661258,8.605468273162842
0,create_entity_nodes_(case),1675908860.3661258,1675908861.1392317,0.7731058597564697
0,correlate_events_to_cases,1675908861.1392317,1675908870.469305,9.330073356628418
0,create_directly_follows_(case),1675908870.469305,1675908885.6636543,15.19434928894043
0,create_entity_nodes_(resource),1675908885.6636543,1675908886.0061564,0.3425021171569824
0,correlate_events_to_resources,1675908886.0061564,1675908893.7630465,7.756890058517456
0,create_directly_follows_(resource),1675908893.7630465,1675908910.7586455,16.995599031448364
0,total,1675908910.7586455,1675908910.7666526,96.03828692436218
