,action,start,end,duration
0,total,1675908963.1865563,1675908990.4991012,27.31254482269287
